id_estacao,time_step,time_step_col,upper_raw,lower_raw,upper_tol,lower_tol,POD_upper_raw,FAR_upper_raw,PPV_upper_raw,POD_lower_raw,FAR_lower_raw,PPV_lower_raw,POD_upper_tol,FAR_upper_tol,PPV_upper_tol,POD_lower_tol,FAR_lower_tol,PPV_lower_tol,best_antecedent_days,a,b,c,POD_api,FAR_api,PPV_api
1,1/6,I_15min,,,,,,,,,,,,,,,,,0,,,,,,
1,1/2,I_30min,,,,,,,,,,,,,,,,,0,,,,,,
1,1,I_1h,,,,,,,,,,,,,,,,,0,,,,,,
1,2,I_2h,,,,,,,,,,,,,,,,,0,,,,,,
1,3,I_3h,,,,,,,,,,,,,,,,,0,,,,,,
1,6,I_6h,,,,,,,,,,,,,,,,,0,,,,,,
1,8,I_8h,,,,,,,,,,,,,,,,,0,,,,,,
1,10,I_10h,,,,,,,,,,,,,,,,,0,,,,,,
1,12,I_12h,,,,,,,,,,,,,,,,,0,,,,,,
1,24,I_24h,,,,,,,,,,,,,,,,,0,,,,,,
2,1/6,I_15min,,,,,,,,,,,,,,,,,0,,,,,,
2,1/2,I_30min,,,,,,,,,,,,,,,,,0,,,,,,
2,1,I_1h,,,,,,,,,,,,,,,,,0,,,,,,
2,2,I_2h,,,,,,,,,,,,,,,,,0,,,,,,
2,3,I_3h,,,,,,,,,,,,,,,,,0,,,,,,
2,6,I_6h,,,,,,,,,,,,,,,,,0,,,,,,
2,8,I_8h,,,,,,,,,,,,,,,,,0,,,,,,
2,10,I_10h,,,,,,,,,,,,,,,,,0,,,,,,
2,12,I_12h,,,,,,,,,,,,,,,,,0,,,,,,
2,24,I_24h,,,,,,,,,,,,,,,,,0,,,,,,
3,1/6,I_15min,,,,,,,,,,,,,,,,,0,,,,,,
3,1/2,I_30min,,,,,,,,,,,,,,,,,0,,,,,,
3,1,I_1h,,,,,,,,,,,,,,,,,0,,,,,,
3,2,I_2h,,,,,,,,,,,,,,,,,0,,,,,,
3,3,I_3h,,,,,,,,,,,,,,,,,0,,,,,,
3,6,I_6h,,,,,,,,,,,,,,,,,0,,,,,,
3,8,I_8h,,,,,,,,,,,,,,,,,0,,,,,,
3,10,I_10h,,,,,,,,,,,,,,,,,0,,,,,,
3,12,I_12h,,,,,,,,,,,,,,,,,0,,,,,,
3,24,I_24h,,,,,,,,,,,,,,,,,0,,,,,,
4,1/6,I_15min,131.200000,15.200000,94.176000,15.800000,0.000000,0.002740,0.000000,1.000000,0.556164,0.019324,0.000000,0.010959,0.000000,0.750000,0.547945,0.014778,1,44.316735,-0.010000,51.461224,0.250000,0.010959,0.200000
4,1/2,I_30min,113.200000,8.400000,75.488000,9.960000,0.000000,0.002740,0.000000,1.000000,0.682192,0.015810,0.000000,0.010959,0.000000,0.750000,0.613699,0.013216,1,31.611429,-0.010000,43.600000,0.250000,0.010959,0.200000
4,1,I_1h,86.400000,4.400000,54.880000,6.050000,0.000000,0.002740,0.000000,1.000000,0.841096,0.012862,0.250000,0.010959,0.200000,0.750000,0.690411,0.011765,1,10.279592,-0.010000,25.273469,0.500000,0.035616,0.133333
4,2,I_2h,48.900000,3.300000,35.412000,4.425000,0.000000,0.002740,0.000000,1.000000,0.838356,0.012903,0.000000,0.010959,0.000000,0.750000,0.665753,0.012195,1,13.841633,-0.010000,21.028571,0.250000,0.010959,0.200000
4,3,I_3h,34.800000,2.266667,25.024000,3.476667,0.000000,0.002740,0.000000,1.000000,0.898630,0.012048,0.250000,0.010959,0.200000,0.750000,0.663014,0.012245,1,6.029932,-0.166316,10.193878,0.750000,0.084932,0.088235
4,6,I_6h,19.666667,1.200000,16.346667,2.190000,0.000000,0.002740,0.000000,1.000000,0.961644,0.011268,0.000000,0.010959,0.000000,0.750000,0.627397,0.012931,1,6.464082,-0.010000,11.244444,0.250000,0.010959,0.200000
4,8,I_8h,16.550000,1.200000,12.509000,2.058750,0.000000,0.002740,0.000000,1.000000,0.920548,0.011765,0.250000,0.010959,0.200000,0.750000,0.534247,0.015152,2,23.400000,-0.114211,6.160459,0.500000,0.022039,0.200000
4,10,I_10h,15.400000,1.180000,10.027200,1.843000,0.000000,0.002740,0.000000,1.000000,0.802740,0.013468,0.250000,0.010959,0.200000,0.750000,0.493151,0.016393,2,2.419184,-0.010000,3.751633,0.750000,0.063361,0.115385
4,12,I_12h,14.233333,1.050000,8.935333,1.595000,0.000000,0.002740,0.000000,1.000000,0.761644,0.014184,0.250000,0.010959,0.200000,0.750000,0.473973,0.017045,3,1.707653,-0.010000,3.434694,0.750000,0.069444,0.107143
4,24,I_24h,11.783333,0.675000,4.853333,0.990000,0.000000,0.002933,0.000000,1.000000,0.671554,0.017167,0.250000,0.011730,0.200000,0.750000,0.439883,0.019608,9,5.526939,-0.062105,2.644218,0.500000,0.030120,0.166667
5,1/6,I_15min,112.800000,19.200000,83.816000,19.200000,0.000000,0.002874,0.000000,1.000000,0.479885,0.011834,0.000000,0.011494,0.000000,1.000000,0.479885,0.011834,1,56.463673,-1.000000,8.620408,1.000000,0.241379,0.023256
5,1/2,I_30min,86.800000,14.000000,67.040000,14.060000,0.000000,0.002874,0.000000,1.000000,0.520115,0.010929,0.000000,0.011494,0.000000,0.500000,0.508621,0.005618,0,,,,,,
5,1,I_1h,61.000000,8.000000,43.484000,8.250000,0.000000,0.002874,0.000000,1.000000,0.609195,0.009346,0.000000,0.011494,0.000000,0.500000,0.574713,0.004975,0,,,,,,
5,2,I_2h,37.000000,4.700000,28.454000,4.885000,0.000000,0.002874,0.000000,1.000000,0.660920,0.008621,0.000000,0.011494,0.000000,0.500000,0.643678,0.004444,0,,,,,,
5,3,I_3h,29.600000,3.466667,21.385333,3.713333,0.000000,0.002874,0.000000,1.000000,0.689655,0.008264,0.000000,0.011494,0.000000,0.500000,0.623563,0.004587,0,,,,,,
5,6,I_6h,16.266667,1.766667,13.000000,2.000000,0.000000,0.002874,0.000000,1.000000,0.781609,0.007299,0.000000,0.011494,0.000000,0.500000,0.712644,0.004016,0,,,,,,
5,8,I_8h,13.325000,1.325000,9.992750,1.525000,0.000000,0.002874,0.000000,1.000000,0.821839,0.006944,0.000000,0.011494,0.000000,0.500000,0.738506,0.003876,0,,,,,,
5,10,I_10h,10.860000,1.260000,9.141200,1.411000,0.000000,0.002874,0.000000,1.000000,0.747126,0.007634,0.000000,0.011494,0.000000,0.500000,0.675287,0.004237,0,,,,,,
5,12,I_12h,9.500000,1.150000,7.684333,1.270833,0.000000,0.002874,0.000000,1.000000,0.718391,0.007937,0.000000,0.011494,0.000000,0.500000,0.655172,0.004367,0,,,,,,
5,24,I_24h,7.958333,0.575000,4.376417,0.652083,0.000000,0.003086,0.000000,1.000000,0.783951,0.007812,0.000000,0.012346,0.000000,0.500000,0.706790,0.004348,0,,,,,,
6,1/6,I_15min,,,,,,,,,,,,,,,,,0,,,,,,
6,1/2,I_30min,,,,,,,,,,,,,,,,,0,,,,,,
6,1,I_1h,,,,,,,,,,,,,,,,,0,,,,,,
6,2,I_2h,,,,,,,,,,,,,,,,,0,,,,,,
6,3,I_3h,,,,,,,,,,,,,,,,,0,,,,,,
6,6,I_6h,,,,,,,,,,,,,,,,,0,,,,,,
6,8,I_8h,,,,,,,,,,,,,,,,,0,,,,,,
6,10,I_10h,,,,,,,,,,,,,,,,,0,,,,,,
6,12,I_12h,,,,,,,,,,,,,,,,,0,,,,,,
6,24,I_24h,,,,,,,,,,,,,,,,,0,,,,,,
7,1/6,I_15min,131.200000,19.200000,102.256000,19.760000,0.000000,0.003226,0.000000,1.000000,0.500000,0.049080,0.000000,0.012903,0.000000,0.875000,0.480645,0.044872,1,130.533878,-0.218421,34.612245,0.375000,0.054839,0.150000
7,1/2,I_30min,110.400000,12.800000,97.256000,14.760000,0.000000,0.003226,0.000000,1.000000,0.574194,0.043011,0.000000,0.012903,0.000000,0.875000,0.509677,0.042424,1,72.393469,-0.166316,30.026822,0.375000,0.038710,0.200000
7,1,I_1h,84.400000,7.000000,61.116000,9.870000,0.000000,0.003226,0.000000,1.000000,0.674194,0.036866,0.000000,0.012903,0.000000,0.875000,0.493548,0.043750,1,61.811429,-0.166316,15.559184,0.500000,0.054839,0.190476
7,2,I_2h,52.500000,3.800000,34.266000,5.690000,0.000000,0.003226,0.000000,1.000000,0.800000,0.031250,0.000000,0.012903,0.000000,0.875000,0.570968,0.038043,1,35.809796,-0.114211,9.485423,0.500000,0.051613,0.200000
7,3,I_3h,40.666667,2.533333,24.418667,4.166667,0.000000,0.003226,0.000000,1.000000,0.861290,0.029091,0.000000,0.012903,0.000000,0.875000,0.577419,0.037634,1,25.324082,-0.166316,9.643732,0.500000,0.045161,0.222222
7,6,I_6h,20.600000,1.533333,13.847000,2.653333,0.000000,0.003226,0.000000,1.000000,0.887097,0.028269,0.000000,0.012903,0.000000,0.875000,0.519355,0.041667,1,4.713333,-0.114211,6.705539,0.625000,0.041935,0.277778
7,8,I_8h,15.450000,1.150000,10.756000,2.348750,0.000000,0.003226,0.000000,1.000000,0.906452,0.027682,0.000000,0.012903,0.000000,0.875000,0.454839,0.047297,1,3.762704,-0.583158,5.278644,0.750000,0.051613,0.272727
7,10,I_10h,12.380000,0.920000,8.644800,1.879000,0.000000,0.003226,0.000000,1.000000,0.925806,0.027119,0.000000,0.012903,0.000000,0.875000,0.470968,0.045752,6,3.039551,-0.062105,4.214344,0.750000,0.052980,0.272727
7,12,I_12h,10.416667,0.766667,7.205500,1.565833,0.000000,0.003226,0.000000,1.000000,0.948387,0.026490,0.000000,0.012903,0.000000,0.875000,0.477419,0.045161,7,7.731531,-0.062105,3.348105,0.625000,0.036667,0.312500
7,24,I_24h,5.208333,0.550000,3.869000,0.891250,0.000000,0.003367,0.000000,1.000000,0.777778,0.033473,0.000000,0.010101,0.000000,0.875000,0.474747,0.047297,7,7.950357,-0.114211,1.955296,0.625000,0.041667,0.294118
8,1/6,I_15min,,,,,,,,,,,,,,,,,0,,,,,,
8,1/2,I_30min,,,,,,,,,,,,,,,,,0,,,,,,
8,1,I_1h,,,,,,,,,,,,,,,,,0,,,,,,
8,2,I_2h,,,,,,,,,,,,,,,,,0,,,,,,
8,3,I_3h,,,,,,,,,,,,,,,,,0,,,,,,
8,6,I_6h,,,,,,,,,,,,,,,,,0,,,,,,
8,8,I_8h,,,,,,,,,,,,,,,,,0,,,,,,
8,10,I_10h,,,,,,,,,,,,,,,,,0,,,,,,
8,12,I_12h,,,,,,,,,,,,,,,,,0,,,,,,
8,24,I_24h,,,,,,,,,,,,,,,,,0,,,,,,
9,1/6,I_15min,93.600000,16.000000,86.976000,17.200000,0.000000,0.003876,0.000000,1.000000,0.589147,0.025641,0.000000,0.011628,0.000000,0.750000,0.565891,0.020134,1,142.089796,-0.166316,37.355102,0.250000,0.015504,0.200000
9,1/2,I_30min,80.800000,13.200000,66.760000,14.160000,0.000000,0.003876,0.000000,1.000000,0.573643,0.026316,0.000000,0.011628,0.000000,0.750000,0.527132,0.021583,1,86.561633,-0.114211,18.459864,0.500000,0.034884,0.181818
9,1,I_1h,67.000000,11.000000,45.414000,11.150000,0.000000,0.003876,0.000000,1.000000,0.453488,0.033058,0.000000,0.011628,0.000000,0.750000,0.441860,0.025641,1,86.057143,-0.114211,11.167347,0.500000,0.034884,0.181818
9,2,I_2h,40.200000,6.200000,28.584000,6.560000,0.000000,0.003876,0.000000,1.000000,0.465116,0.032258,0.000000,0.011628,0.000000,0.750000,0.445736,0.025424,1,17.770204,-0.062105,11.357143,0.250000,0.015504,0.200000
9,3,I_3h,29.933333,4.266667,20.984667,4.566667,0.000000,0.003876,0.000000,1.000000,0.519380,0.028986,0.000000,0.011628,0.000000,0.750000,0.465116,0.024390,1,16.942313,-0.062105,6.546939,0.250000,0.019380,0.166667
9,6,I_6h,19.233333,2.133333,12.274667,2.338333,0.000000,0.003876,0.000000,1.000000,0.658915,0.022989,0.000000,0.011628,0.000000,0.750000,0.585271,0.019481,1,10.160204,-0.114211,5.077778,0.250000,0.023256,0.142857
9,8,I_8h,15.300000,1.600000,9.220250,1.753750,0.000000,0.003876,0.000000,1.000000,0.697674,0.021739,0.000000,0.011628,0.000000,0.750000,0.612403,0.018634,1,8.929592,-0.114211,3.804082,0.250000,0.027132,0.125000
9,10,I_10h,13.080000,1.280000,7.376200,1.403000,0.000000,0.003876,0.000000,1.000000,0.728682,0.020833,0.000000,0.011628,0.000000,0.750000,0.624031,0.018293,1,7.266122,-0.114211,3.069388,0.250000,0.031008,0.111111
9,12,I_12h,11.283333,1.066667,6.146833,1.169167,0.000000,0.003876,0.000000,1.000000,0.755814,0.020101,0.000000,0.011628,0.000000,0.750000,0.639535,0.017857,1,6.080612,-0.114211,2.563265,0.250000,0.031008,0.111111
9,24,I_24h,6.075000,0.541667,3.343833,0.591667,0.000000,0.004132,0.000000,1.000000,0.826446,0.019608,0.000000,0.012397,0.000000,0.750000,0.719008,0.016949,1,3.722959,-0.114211,1.397222,0.250000,0.028926,0.125000
10,1/6,I_15min,126.400000,20.000000,89.872000,20.840000,0.000000,0.003521,0.000000,1.000000,0.475352,0.014599,0.000000,0.010563,0.000000,0.500000,0.443662,0.007874,0,,,,,,
10,1/2,I_30min,116.400000,10.000000,72.900000,11.220000,0.000000,0.003521,0.000000,1.000000,0.651408,0.010695,0.000000,0.010563,0.000000,0.500000,0.591549,0.005917,0,,,,,,
10,1,I_1h,94.800000,9.200000,55.868000,9.680000,0.000000,0.003521,0.000000,1.000000,0.542254,0.012821,0.000000,0.010563,0.000000,0.500000,0.514085,0.006803,0,,,,,,
10,2,I_2h,54.500000,4.700000,32.017000,4.990000,0.000000,0.003521,0.000000,1.000000,0.654930,0.010638,0.000000,0.010563,0.000000,0.500000,0.633803,0.005525,0,,,,,,
10,3,I_3h,36.333333,3.200000,23.884667,3.410000,0.000000,0.003521,0.000000,1.000000,0.753521,0.009259,0.000000,0.010563,0.000000,0.500000,0.697183,0.005025,0,,,,,,
10,6,I_6h,18.333333,1.933333,15.204667,2.081667,0.000000,0.003521,0.000000,1.000000,0.728873,0.009569,0.000000,0.010563,0.000000,0.500000,0.676056,0.005181,0,,,,,,
10,8,I_8h,17.475000,2.000000,11.463000,2.083750,0.000000,0.003521,0.000000,1.000000,0.549296,0.012658,0.000000,0.010563,0.000000,0.500000,0.507042,0.006897,0,,,,,,
10,10,I_10h,14.700000,1.760000,9.173800,1.819000,0.000000,0.003521,0.000000,1.000000,0.496479,0.013986,0.000000,0.010563,0.000000,0.500000,0.468310,0.007463,0,,,,,,
10,12,I_12h,12.583333,1.466667,7.672500,1.515833,0.000000,0.003521,0.000000,1.000000,0.517606,0.013423,0.000000,0.010563,0.000000,0.500000,0.485915,0.007194,0,,,,,,
10,24,I_24h,6.925000,0.858333,4.433833,0.876667,0.000000,0.003704,0.000000,1.000000,0.448148,0.016260,0.000000,0.011111,0.000000,0.500000,0.440741,0.008333,0,,,,,,
11,1/6,I_15min,120.800000,8.000000,92.736000,10.400000,0.000000,0.003597,0.000000,1.000000,0.852518,0.052000,0.000000,0.010791,0.000000,0.923077,0.787770,0.051948,1,103.861224,-0.583158,11.265306,0.461538,0.226619,0.086957
11,1/2,I_30min,94.400000,6.400000,70.392000,8.320000,0.000000,0.003597,0.000000,1.000000,0.845324,0.052419,0.000000,0.010791,0.000000,0.923077,0.769784,0.053097,1,78.984490,-0.531053,9.591156,0.461538,0.212230,0.092308
11,1,I_1h,69.400000,4.200000,50.406000,6.960000,0.000000,0.003597,0.000000,1.000000,0.913669,0.048689,0.000000,0.010791,0.000000,0.923077,0.712230,0.057143,2,36.031020,-0.218421,8.709864,0.538462,0.177536,0.125000
11,2,I_2h,43.400000,2.200000,29.968000,3.940000,0.000000,0.003597,0.000000,1.000000,0.982014,0.045455,0.000000,0.010791,0.000000,0.923077,0.784173,0.052174,2,22.942041,-0.166316,5.080612,0.461538,0.155797,0.122449
11,3,I_3h,31.000000,1.800000,21.563333,2.760000,0.000000,0.003597,0.000000,1.000000,0.974820,0.045775,0.000000,0.010791,0.000000,0.923077,0.841727,0.048780,1,7.250204,-0.114211,3.030952,0.615385,0.241007,0.106667
11,6,I_6h,17.033333,1.200000,11.955333,1.520000,0.000000,0.003597,0.000000,1.000000,0.974820,0.045775,0.000000,0.010791,0.000000,0.923077,0.920863,0.044776,6,11.967075,-0.426842,3.984580,0.461538,0.156134,0.125000
11,8,I_8h,13.125000,1.125000,10.608750,1.245000,0.000000,0.003597,0.000000,1.000000,0.960432,0.046429,0.000000,0.010791,0.000000,0.923077,0.920863,0.044776,6,10.599643,-0.531053,3.325000,0.461538,0.148699,0.130435
11,10,I_10h,10.860000,1.060000,9.036200,1.120000,0.000000,0.003597,0.000000,1.000000,0.899281,0.049430,0.000000,0.010791,0.000000,0.923077,0.823741,0.049793,1,7.648653,-0.114211,0.332653,0.461538,0.140288,0.133333
11,12,I_12h,9.050000,0.883333,7.545500,0.963333,0.000000,0.003597,0.000000,1.000000,0.913669,0.048689,0.000000,0.010791,0.000000,0.923077,0.791367,0.051724,1,6.376327,-0.114211,0.236111,0.461538,0.151079,0.125000
11,24,I_24h,4.800000,0.458333,4.026250,0.498333,0.000000,0.003846,0.000000,1.000000,0.911538,0.052000,0.000000,0.011538,0.000000,0.923077,0.826923,0.052863,6,3.710204,-0.374737,1.309028,0.461538,0.130952,0.153846
12,1/6,I_15min,131.200000,17.600000,106.616000,18.080000,0.000000,0.003425,0.000000,1.000000,0.561644,0.040936,0.000000,0.010274,0.000000,0.857143,0.537671,0.036810,1,97.028571,-0.062105,44.146939,0.285714,0.023973,0.222222
12,1/2,I_30min,112.800000,12.800000,87.268000,13.040000,0.000000,0.003425,0.000000,1.000000,0.551370,0.041667,0.000000,0.010274,0.000000,0.857143,0.541096,0.036585,1,54.457143,-0.062105,32.587755,0.285714,0.027397,0.200000
12,1,I_1h,83.200000,7.600000,68.726000,7.780000,0.000000,0.003425,0.000000,1.000000,0.616438,0.037433,0.000000,0.010274,0.000000,0.857143,0.609589,0.032609,1,80.376327,-0.062105,23.366667,0.285714,0.027397,0.200000
12,2,I_2h,50.700000,4.200000,39.787000,4.470000,0.000000,0.003425,0.000000,1.000000,0.729452,0.031818,0.000000,0.010274,0.000000,0.857143,0.681507,0.029268,7,64.836735,-0.062105,15.400000,0.285714,0.017606,0.285714
12,3,I_3h,43.200000,3.200000,29.224000,3.320000,0.000000,0.003425,0.000000,1.000000,0.756849,0.030702,0.000000,0.010274,0.000000,0.857143,0.729452,0.027397,7,53.654694,-0.062105,11.142857,0.285714,0.021127,0.250000
12,6,I_6h,26.333333,1.866667,15.660333,1.876667,0.000000,0.003425,0.000000,1.000000,0.750000,0.030973,0.000000,0.010274,0.000000,0.857143,0.732877,0.027273,1,9.845306,-0.010000,5.791837,0.142857,0.010274,0.250000
12,8,I_8h,20.300000,1.400000,11.752000,1.475000,0.000000,0.003425,0.000000,1.000000,0.804795,0.028926,0.142857,0.010274,0.250000,0.857143,0.756849,0.026432,1,18.389388,-0.270526,3.688061,0.428571,0.041096,0.200000
12,10,I_10h,20.440000,1.120000,9.665200,1.180000,0.000000,0.003425,0.000000,1.000000,0.828767,0.028112,0.142857,0.010274,0.250000,0.857143,0.784247,0.025532,1,14.317469,-0.270526,3.156000,0.428571,0.044521,0.187500
12,12,I_12h,20.483333,0.933333,8.319167,0.998333,0.000000,0.003425,0.000000,1.000000,0.845890,0.027559,0.142857,0.010274,0.250000,0.857143,0.787671,0.025424,1,11.932551,-0.270526,2.643333,0.428571,0.041096,0.200000
12,24,I_24h,11.816667,0.483333,5.083333,0.510833,0.000000,0.003559,0.000000,1.000000,0.879004,0.027559,0.000000,0.010676,0.000000,0.857143,0.811388,0.025641,1,3.166327,-0.062105,2.000000,0.285714,0.017794,0.285714
13,1/6,I_15min,133.600000,17.600000,110.688000,20.800000,0.000000,0.003745,0.000000,1.000000,0.580524,0.054878,0.000000,0.011236,0.000000,0.888889,0.513109,0.055172,1,129.397551,-0.114211,18.265306,0.333333,0.067416,0.142857
13,1/2,I_30min,130.800000,14.400000,87.320000,15.680000,0.000000,0.003745,0.000000,1.000000,0.539326,0.058824,0.000000,0.011236,0.000000,0.888889,0.498127,0.056738,1,110.569796,-0.114211,10.527551,0.333333,0.063670,0.150000
13,1,I_1h,106.600000,8.400000,56.648000,8.720000,0.000000,0.003745,0.000000,1.000000,0.584270,0.054545,0.000000,0.011236,0.000000,0.888889,0.573034,0.049689,1,73.906122,-0.114211,7.521429,0.333333,0.063670,0.150000
13,2,I_2h,56.600000,4.700000,31.868000,5.260000,0.000000,0.003745,0.000000,1.000000,0.647940,0.049451,0.000000,0.011236,0.000000,0.888889,0.584270,0.048780,1,38.659592,-0.166316,11.183163,0.333333,0.044944,0.200000
13,3,I_3h,37.733333,3.133333,23.393333,3.560000,0.000000,0.003745,0.000000,1.000000,0.741573,0.043478,0.000000,0.011236,0.000000,0.888889,0.666667,0.043011,7,32.355510,-0.322632,8.699320,0.555556,0.116732,0.142857
13,6,I_6h,19.066667,1.566667,12.572000,1.820000,0.000000,0.003745,0.000000,1.000000,0.868914,0.037344,0.000000,0.011236,0.000000,0.888889,0.764045,0.037736,1,22.431020,-0.114211,3.385799,0.333333,0.048689,0.187500
13,8,I_8h,14.300000,1.650000,9.544500,1.680000,0.000000,0.003745,0.000000,1.000000,0.647940,0.049451,0.111111,0.011236,0.250000,0.888889,0.617978,0.046243,10,4.039898,-1.000000,3.397376,0.777778,0.210117,0.114754
13,10,I_10h,11.440000,1.340000,7.675200,1.356000,0.000000,0.003745,0.000000,1.000000,0.655431,0.048913,0.111111,0.011236,0.250000,0.888889,0.636704,0.044944,10,7.080122,-0.218421,2.701458,0.666667,0.163424,0.125000
13,12,I_12h,9.533333,1.150000,6.396000,1.150000,0.000000,0.003745,0.000000,1.000000,0.640449,0.050000,0.111111,0.011236,0.250000,1.000000,0.640449,0.050000,10,2.601020,-0.895789,2.223129,0.777778,0.217899,0.111111
13,24,I_24h,4.766667,0.591667,3.490417,0.655000,0.000000,0.003906,0.000000,1.000000,0.714844,0.046875,0.111111,0.011719,0.250000,0.888889,0.640625,0.046512,10,8.061224,-0.270526,1.120068,0.666667,0.182186,0.117647
14,1/6,I_15min,,,,,,,,,,,,,,,,,0,,,,,,
14,1/2,I_30min,,,,,,,,,,,,,,,,,0,,,,,,
14,1,I_1h,,,,,,,,,,,,,,,,,0,,,,,,
14,2,I_2h,,,,,,,,,,,,,,,,,0,,,,,,
14,3,I_3h,,,,,,,,,,,,,,,,,0,,,,,,
14,6,I_6h,,,,,,,,,,,,,,,,,0,,,,,,
14,8,I_8h,,,,,,,,,,,,,,,,,0,,,,,,
14,10,I_10h,,,,,,,,,,,,,,,,,0,,,,,,
14,12,I_12h,,,,,,,,,,,,,,,,,0,,,,,,
14,24,I_24h,,,,,,,,,,,,,,,,,0,,,,,,
15,1/6,I_15min,120.000000,14.400000,94.784000,16.640000,0.000000,0.003610,0.000000,1.000000,0.617329,0.011561,0.000000,0.010830,0.000000,0.500000,0.570397,0.006289,0,,,,,,
15,1/2,I_30min,96.800000,11.600000,77.712000,13.060000,0.000000,0.003610,0.000000,1.000000,0.592058,0.012048,0.000000,0.010830,0.000000,0.500000,0.552347,0.006494,0,,,,,,
15,1,I_1h,73.000000,6.800000,53.288000,8.090000,0.000000,0.003610,0.000000,1.000000,0.671480,0.010638,0.000000,0.010830,0.000000,0.500000,0.599278,0.005988,0,,,,,,
15,2,I_2h,42.100000,5.400000,33.356000,6.080000,0.000000,0.003610,0.000000,1.000000,0.559567,0.012739,0.000000,0.010830,0.000000,0.500000,0.483755,0.007407,0,,,,,,
15,3,I_3h,35.266667,3.733333,23.658667,4.443333,0.000000,0.003610,0.000000,1.000000,0.613718,0.011628,0.000000,0.010830,0.000000,0.500000,0.490975,0.007299,0,,,,,,
15,6,I_6h,20.100000,2.533333,12.842667,2.935000,0.000000,0.003610,0.000000,1.000000,0.537906,0.013245,0.000000,0.010830,0.000000,0.500000,0.444043,0.008065,0,,,,,,
15,8,I_8h,15.400000,2.025000,9.632000,2.325000,0.000000,0.003610,0.000000,1.000000,0.545126,0.013072,0.000000,0.010830,0.000000,0.500000,0.447653,0.008000,0,,,,,,
15,10,I_10h,12.320000,1.620000,7.705600,1.860000,0.000000,0.003610,0.000000,1.000000,0.570397,0.012500,0.000000,0.010830,0.000000,0.500000,0.465704,0.007692,0,,,,,,
15,12,I_12h,10.266667,1.350000,6.421333,1.550000,0.000000,0.003610,0.000000,1.000000,0.577617,0.012346,0.000000,0.010830,0.000000,0.500000,0.483755,0.007407,0,,,,,,
15,24,I_24h,5.133333,0.925000,3.765417,1.012500,0.000000,0.003788,0.000000,1.000000,0.393939,0.018868,0.000000,0.011364,0.000000,0.500000,0.348485,0.010753,0,,,,,,
16,1/6,I_15min,171.200000,15.200000,107.776000,15.560000,0.000000,0.002667,0.000000,1.000000,0.634667,0.016529,0.000000,0.010667,0.000000,0.750000,0.586667,0.013453,1,110.400000,-0.062105,2.476190,0.500000,0.096257,0.052632
16,1/2,I_30min,118.000000,8.400000,92.152000,8.820000,0.000000,0.002667,0.000000,1.000000,0.754667,0.013937,0.000000,0.010667,0.000000,0.750000,0.717333,0.011029,1,64.800000,-0.062105,1.942857,0.500000,0.144385,0.035714
16,1,I_1h,88.000000,5.000000,69.324000,5.510000,0.000000,0.002667,0.000000,1.000000,0.856000,0.012308,0.000000,0.010667,0.000000,0.750000,0.794667,0.009967,1,38.593469,-0.062105,2.840816,0.500000,0.165775,0.031250
16,2,I_2h,76.700000,2.800000,42.566000,3.250000,0.000000,0.002667,0.000000,1.000000,0.936000,0.011268,0.000000,0.010667,0.000000,0.750000,0.888000,0.008929,1,25.200000,-0.114211,4.995918,0.500000,0.163102,0.031746
16,3,I_3h,61.466667,3.333333,29.709333,3.563333,0.000000,0.002667,0.000000,1.000000,0.792000,0.013289,0.000000,0.010667,0.000000,0.750000,0.749333,0.010563,1,20.930068,-0.114211,4.286621,0.500000,0.144385,0.035714
16,6,I_6h,36.300000,2.366667,17.602000,2.616667,0.000000,0.002667,0.000000,1.000000,0.674667,0.015564,0.000000,0.010667,0.000000,0.750000,0.597333,0.013216,1,17.836803,-0.062105,1.661451,0.500000,0.080214,0.062500
16,8,I_8h,27.475000,1.800000,14.015500,1.987500,0.000000,0.002667,0.000000,1.000000,0.693333,0.015152,0.000000,0.010667,0.000000,0.750000,0.629333,0.012552,1,13.068980,-0.062105,1.295238,0.500000,0.098930,0.051282
16,10,I_10h,21.980000,1.460000,11.686000,1.607000,0.000000,0.002667,0.000000,1.000000,0.701333,0.014981,0.000000,0.010667,0.000000,0.750000,0.653333,0.012097,1,11.635265,-0.062105,3.013333,0.250000,0.037433,0.066667
16,12,I_12h,18.316667,1.216667,9.789000,1.339167,0.000000,0.002667,0.000000,1.000000,0.717333,0.014652,0.000000,0.010667,0.000000,0.750000,0.669333,0.011811,1,10.750000,-0.062105,2.583333,0.250000,0.037433,0.066667
16,24,I_24h,9.158333,0.700000,5.603750,0.747500,0.000000,0.002809,0.000000,1.000000,0.691011,0.016000,0.000000,0.011236,0.000000,0.750000,0.648876,0.012821,1,5.892041,-0.062105,0.464286,0.500000,0.095506,0.055556
17,1/6,I_15min,,,,,,,,,,,,,,,,,0,,,,,,
17,1/2,I_30min,,,,,,,,,,,,,,,,,0,,,,,,
17,1,I_1h,,,,,,,,,,,,,,,,,0,,,,,,
17,2,I_2h,,,,,,,,,,,,,,,,,0,,,,,,
17,3,I_3h,,,,,,,,,,,,,,,,,0,,,,,,
17,6,I_6h,,,,,,,,,,,,,,,,,0,,,,,,
17,8,I_8h,,,,,,,,,,,,,,,,,0,,,,,,
17,10,I_10h,,,,,,,,,,,,,,,,,0,,,,,,
17,12,I_12h,,,,,,,,,,,,,,,,,0,,,,,,
17,24,I_24h,,,,,,,,,,,,,,,,,0,,,,,,
18,1/6,I_15min,144.800000,7.200000,80.640000,7.720000,0.000000,0.003559,0.000000,1.000000,0.850534,0.055336,0.000000,0.010676,0.000000,0.928571,0.804270,0.054393,3,166.775510,-0.374737,16.954474,0.642857,0.176259,0.155172
18,1/2,I_30min,132.000000,6.000000,65.760000,6.780000,0.000000,0.003559,0.000000,1.000000,0.829181,0.056680,0.000000,0.010676,0.000000,0.928571,0.772242,0.056522,3,122.243265,-0.374737,16.517425,0.571429,0.140288,0.170213
18,1,I_1h,109.600000,3.400000,49.440000,4.960000,0.000000,0.003559,0.000000,1.000000,0.935943,0.050542,0.000000,0.010676,0.000000,0.928571,0.754448,0.057778,9,37.027347,-0.062105,13.518367,0.428571,0.062500,0.260870
18,2,I_2h,60.500000,2.000000,29.980000,3.820000,0.000000,0.003559,0.000000,1.000000,0.975089,0.048611,0.000000,0.010676,0.000000,0.928571,0.743772,0.058559,8,12.695510,-0.062105,12.282575,0.428571,0.051471,0.300000
18,3,I_3h,40.400000,2.066667,22.853333,2.890000,0.000000,0.003559,0.000000,1.000000,0.893238,0.052830,0.000000,0.010676,0.000000,0.928571,0.772242,0.056522,8,15.190476,-0.114211,9.825641,0.428571,0.055147,0.285714
18,6,I_6h,26.066667,1.233333,14.800000,1.536667,0.000000,0.003559,0.000000,1.000000,0.946619,0.050000,0.000000,0.010676,0.000000,0.928571,0.843416,0.052000,3,3.568367,-0.062105,6.133752,0.428571,0.043165,0.333333
18,8,I_8h,19.725000,1.075000,12.555000,1.205000,0.000000,0.003559,0.000000,1.000000,0.928826,0.050909,0.000000,0.010676,0.000000,0.928571,0.868327,0.050584,1,2.719133,-0.114211,4.913462,0.428571,0.053381,0.285714
18,10,I_10h,15.780000,0.960000,11.788000,0.999000,0.000000,0.003559,0.000000,1.000000,0.903915,0.052239,0.000000,0.010676,0.000000,0.928571,0.882562,0.049808,1,2.693633,-0.322632,4.055385,0.428571,0.049822,0.300000
18,12,I_12h,13.150000,0.850000,9.956667,0.936667,0.000000,0.003559,0.000000,1.000000,0.903915,0.052239,0.000000,0.010676,0.000000,0.928571,0.807829,0.054167,1,2.258163,-0.426842,3.510256,0.428571,0.046263,0.315789
18,24,I_24h,6.575000,0.550000,5.213000,0.560833,0.000000,0.003717,0.000000,1.000000,0.762082,0.063927,0.000000,0.011152,0.000000,0.928571,0.743494,0.061033,5,1.222449,-0.166316,1.996154,0.428571,0.049057,0.315789
19,1/6,I_15min,193.600000,28.800000,122.960000,28.800000,0.000000,0.003086,0.000000,1.000000,0.283951,0.041667,0.000000,0.012346,0.000000,1.000000,0.283951,0.041667,1,109.851429,-0.062105,7.677551,0.500000,0.043210,0.125000
19,1/2,I_30min,162.800000,19.600000,99.388000,20.320000,0.000000,0.003086,0.000000,1.000000,0.308642,0.038462,0.000000,0.012346,0.000000,0.750000,0.287037,0.031250,1,76.994286,-0.114211,20.244898,0.500000,0.040123,0.133333
19,1,I_1h,123.200000,12.600000,64.420000,13.080000,0.000000,0.003086,0.000000,1.000000,0.330247,0.036036,0.000000,0.012346,0.000000,0.750000,0.305556,0.029412,1,102.311020,-0.114211,10.963265,0.500000,0.040123,0.133333
19,2,I_2h,69.400000,8.200000,35.441000,8.650000,0.000000,0.003086,0.000000,1.000000,0.308642,0.038462,0.250000,0.012346,0.200000,0.750000,0.290123,0.030928,8,21.060408,-0.218421,10.820408,0.750000,0.124204,0.071429
19,3,I_3h,53.133333,5.533333,24.554000,5.863333,0.000000,0.003086,0.000000,1.000000,0.370370,0.032258,0.250000,0.012346,0.200000,0.750000,0.342593,0.026316,8,23.757007,-0.270526,7.500000,0.750000,0.136943,0.065217
19,6,I_6h,30.400000,3.533333,15.807667,3.588333,0.000000,0.003086,0.000000,1.000000,0.348765,0.034188,0.000000,0.012346,0.000000,0.750000,0.342593,0.026316,1,5.186939,-0.010000,8.108844,0.250000,0.015432,0.166667
19,8,I_8h,23.075000,2.850000,12.362000,2.861250,0.000000,0.003086,0.000000,1.000000,0.333333,0.035714,0.000000,0.012346,0.000000,0.750000,0.327160,0.027523,1,5.329286,-0.010000,6.475000,0.250000,0.015432,0.166667
19,10,I_10h,18.460000,2.300000,10.924000,2.306000,0.000000,0.003086,0.000000,1.000000,0.367284,0.032520,0.000000,0.012346,0.000000,0.750000,0.358025,0.025210,1,3.739224,-0.010000,4.885714,0.250000,0.018519,0.142857
19,12,I_12h,15.383333,1.916667,9.103333,1.921667,0.000000,0.003086,0.000000,1.000000,0.385802,0.031008,0.000000,0.012346,0.000000,0.750000,0.376543,0.024000,1,2.782245,-0.010000,4.650000,0.250000,0.018519,0.142857
19,24,I_24h,7.691667,0.975000,4.641667,0.978750,0.000000,0.003215,0.000000,1.000000,0.427653,0.029197,0.250000,0.012862,0.200000,0.750000,0.421222,0.022388,1,4.793878,-0.062105,0.120408,0.500000,0.057878,0.100000
20,1/6,I_15min,,,,,,,,,,,,,,,,,0,,,,,,
20,1/2,I_30min,,,,,,,,,,,,,,,,,0,,,,,,
20,1,I_1h,,,,,,,,,,,,,,,,,0,,,,,,
20,2,I_2h,,,,,,,,,,,,,,,,,0,,,,,,
20,3,I_3h,,,,,,,,,,,,,,,,,0,,,,,,
20,6,I_6h,,,,,,,,,,,,,,,,,0,,,,,,
20,8,I_8h,,,,,,,,,,,,,,,,,0,,,,,,
20,10,I_10h,,,,,,,,,,,,,,,,,0,,,,,,
20,12,I_12h,,,,,,,,,,,,,,,,,0,,,,,,
20,24,I_24h,,,,,,,,,,,,,,,,,0,,,,,,
21,1/6,I_15min,166.400000,13.600000,97.312000,15.280000,0.000000,0.002985,0.000000,1.000000,0.573134,0.040000,0.000000,0.011940,0.000000,0.875000,0.498507,0.040230,5,216.000000,-0.166316,27.785423,0.625000,0.094225,0.138889
21,1/2,I_30min,133.200000,9.200000,74.400000,9.620000,0.000000,0.002985,0.000000,1.000000,0.629851,0.036530,0.000000,0.014925,0.000000,0.875000,0.585075,0.034483,5,112.726531,-0.114211,21.026239,0.625000,0.079027,0.161290
21,1,I_1h,99.800000,6.200000,55.380000,6.410000,0.000000,0.002985,0.000000,1.000000,0.647761,0.035556,0.000000,0.011940,0.000000,0.875000,0.620896,0.032558,7,58.802449,-0.062105,24.200000,0.375000,0.037037,0.200000
21,2,I_2h,53.500000,3.700000,29.058000,3.875000,0.000000,0.002985,0.000000,1.000000,0.797015,0.029091,0.125000,0.011940,0.200000,0.875000,0.743284,0.027344,8,7.642041,-0.010000,12.423129,0.500000,0.064815,0.160000
21,3,I_3h,41.000000,2.466667,22.702667,3.166667,0.000000,0.002985,0.000000,1.000000,0.877612,0.026490,0.125000,0.011940,0.200000,0.875000,0.734328,0.027668,8,4.768435,-0.010000,9.306122,0.500000,0.074074,0.142857
21,6,I_6h,22.433333,1.433333,13.926667,1.760000,0.000000,0.002985,0.000000,1.000000,0.901493,0.025806,0.125000,0.011940,0.200000,0.875000,0.811940,0.025090,10,6.222313,-0.010000,4.750794,0.375000,0.043210,0.176471
21,8,I_8h,16.825000,1.250000,10.997000,1.433750,0.125000,0.002985,0.500000,1.000000,0.889552,0.026144,0.125000,0.011940,0.200000,0.875000,0.773134,0.026316,10,3.466888,-0.010000,4.375510,0.375000,0.046296,0.166667
21,10,I_10h,13.460000,1.000000,9.759200,1.147000,0.125000,0.002985,0.500000,1.000000,0.907463,0.025641,0.125000,0.011940,0.200000,0.875000,0.805970,0.025271,3,3.256735,-0.531053,2.385850,0.750000,0.209726,0.080000
21,12,I_12h,11.283333,0.833333,8.375667,0.955833,0.125000,0.002985,0.500000,1.000000,0.925373,0.025157,0.125000,0.011940,0.200000,0.875000,0.820896,0.024823,3,2.713946,-0.531053,1.990023,0.750000,0.209726,0.080000
21,24,I_24h,7.583333,0.416667,4.388833,0.515833,0.125000,0.003096,0.500000,1.000000,0.996904,0.024242,0.125000,0.012384,0.200000,0.875000,0.835913,0.025271,3,1.246939,-0.635263,1.016780,0.750000,0.264984,0.066667
22,1/6,I_15min,130.400000,14.400000,96.000000,18.800000,0.000000,0.003086,0.000000,1.000000,0.635802,0.028302,0.000000,0.018519,0.000000,0.833333,0.512346,0.029240,1,39.771429,-0.166316,57.678367,0.333333,0.018519,0.250000
22,1/2,I_30min,119.200000,10.800000,72.740000,14.300000,0.000000,0.003086,0.000000,1.000000,0.638889,0.028169,0.166667,0.012346,0.200000,0.833333,0.515432,0.029070,1,28.331429,-0.218421,45.400000,0.500000,0.012346,0.428571
22,1,I_1h,90.200000,6.000000,50.062000,8.850000,0.000000,0.003086,0.000000,1.000000,0.740741,0.024390,0.333333,0.012346,0.333333,0.833333,0.540123,0.027778,1,21.805714,-0.010000,28.081633,0.500000,0.012346,0.428571
22,2,I_2h,52.600000,3.900000,34.432000,5.350000,0.000000,0.003086,0.000000,1.000000,0.787037,0.022989,0.500000,0.012346,0.428571,0.833333,0.564815,0.026596,10,34.548163,-0.166316,9.551020,0.833333,0.142857,0.100000
22,3,I_3h,36.466667,3.333333,26.735333,4.800000,0.166667,0.003086,0.500000,1.000000,0.728395,0.024793,0.500000,0.012346,0.428571,0.833333,0.478395,0.031250,6,13.796735,-0.635263,8.755102,0.833333,0.110410,0.125000
22,6,I_6h,20.266667,2.333333,17.810333,2.941667,0.166667,0.003086,0.500000,1.000000,0.611111,0.029412,0.500000,0.012346,0.428571,0.833333,0.462963,0.032258,6,11.537279,-0.895789,4.669388,0.833333,0.132492,0.106383
22,8,I_8h,16.525000,2.375000,14.122250,2.681250,0.333333,0.003086,0.666667,1.000000,0.462963,0.038462,0.333333,0.012346,0.333333,0.833333,0.382716,0.038760,1,6.330000,-0.062105,6.845238,0.500000,0.012346,0.428571
22,10,I_10h,14.380000,2.040000,11.643400,2.315000,0.000000,0.003086,0.000000,1.000000,0.450617,0.039474,0.333333,0.012346,0.333333,0.833333,0.367284,0.040323,1,5.777837,-0.062105,5.707755,0.500000,0.012346,0.428571
22,12,I_12h,12.516667,1.733333,9.702833,1.954167,0.000000,0.003086,0.000000,1.000000,0.453704,0.039216,0.333333,0.012346,0.333333,0.833333,0.376543,0.039370,1,4.814864,-0.010000,4.653061,0.500000,0.012346,0.428571
22,24,I_24h,8.583333,0.866667,4.703250,0.977083,0.000000,0.003247,0.000000,1.000000,0.503247,0.037267,0.500000,0.012987,0.428571,0.833333,0.444805,0.035211,6,3.867007,-0.791579,1.250000,0.833333,0.172185,0.087719
23,1/6,I_15min,140.800000,16.000000,119.360000,17.360000,0.000000,0.003436,0.000000,1.000000,0.601375,0.011299,0.000000,0.010309,0.000000,0.500000,0.570447,0.005988,0,,,,,,
23,1/2,I_30min,122.400000,15.600000,98.040000,16.680000,0.000000,0.003436,0.000000,1.000000,0.512027,0.013245,0.000000,0.010309,0.000000,0.500000,0.477663,0.007143,0,,,,,,
23,1,I_1h,83.600000,15.000000,60.700000,15.790000,0.000000,0.003436,0.000000,1.000000,0.302405,0.022222,0.000000,0.010309,0.000000,0.500000,0.268041,0.012658,0,,,,,,
23,2,I_2h,50.300000,10.200000,42.500000,10.515000,0.000000,0.003436,0.000000,1.000000,0.243986,0.027397,0.000000,0.010309,0.000000,0.500000,0.230241,0.014706,0,,,,,,
23,3,I_3h,45.533333,7.333333,29.433333,7.523333,0.000000,0.003436,0.000000,1.000000,0.268041,0.025000,0.000000,0.010309,0.000000,0.500000,0.254296,0.013333,0,,,,,,
23,6,I_6h,24.866667,4.500000,14.750000,4.553333,0.000000,0.003436,0.000000,1.000000,0.237113,0.028169,0.000000,0.010309,0.000000,0.500000,0.237113,0.014286,0,,,,,,
23,8,I_8h,19.525000,3.500000,12.752500,3.545000,0.000000,0.003436,0.000000,1.000000,0.243986,0.027397,0.000000,0.010309,0.000000,0.500000,0.240550,0.014085,0,,,,,,
23,10,I_10h,15.740000,2.820000,10.204000,2.856000,0.000000,0.003436,0.000000,1.000000,0.261168,0.025641,0.000000,0.010309,0.000000,0.500000,0.257732,0.013158,0,,,,,,
23,12,I_12h,13.116667,2.350000,8.548333,2.380000,0.000000,0.003436,0.000000,1.000000,0.268041,0.025000,0.000000,0.010309,0.000000,0.500000,0.268041,0.012658,0,,,,,,
23,24,I_24h,6.558333,1.183333,4.960000,1.197917,0.000000,0.003610,0.000000,1.000000,0.292419,0.024096,0.000000,0.010830,0.000000,0.500000,0.288809,0.012346,0,,,,,,
24,1/6,I_15min,128.800000,4.800000,113.528000,12.000000,0.030303,0.003289,0.500000,1.000000,0.976974,0.100000,0.030303,0.013158,0.200000,0.969697,0.736842,0.125000,7,51.159184,-0.010000,30.870836,0.272727,0.037415,0.450000
24,1/2,I_30min,111.200000,4.400000,83.928000,10.400000,0.000000,0.003289,0.000000,1.000000,0.960526,0.101538,0.060606,0.013158,0.333333,0.969697,0.710526,0.129032,10,162.297143,-0.114211,27.824218,0.393939,0.095238,0.317073
24,1,I_1h,72.600000,3.200000,58.194000,6.880000,0.000000,0.003289,0.000000,1.000000,0.957237,0.101852,0.060606,0.013158,0.333333,0.939394,0.730263,0.122530,3,6.813061,-0.635263,21.144828,0.484848,0.150502,0.262295
24,2,I_2h,59.100000,2.300000,35.894000,4.360000,0.000000,0.003289,0.000000,1.000000,0.953947,0.102167,0.060606,0.013158,0.333333,0.939394,0.740132,0.121094,1,23.591429,-0.114211,12.317382,0.272727,0.029605,0.500000
24,3,I_3h,44.600000,1.800000,26.768000,3.360000,0.000000,0.003289,0.000000,1.000000,0.960526,0.101538,0.030303,0.013158,0.200000,0.939394,0.766447,0.117424,1,25.245714,-0.114211,5.401633,0.303030,0.036184,0.476190
24,6,I_6h,31.300000,1.233333,17.526667,1.826667,0.000000,0.003289,0.000000,1.000000,0.960526,0.101538,0.000000,0.013158,0.000000,0.939394,0.809211,0.111913,1,11.840680,-0.114211,4.629361,0.303030,0.029605,0.526316
24,8,I_8h,25.700000,1.325000,13.150250,1.395000,0.000000,0.003289,0.000000,1.000000,0.871711,0.110738,0.030303,0.013158,0.200000,0.939394,0.828947,0.109541,1,9.144643,-0.114211,3.267262,0.303030,0.032895,0.500000
24,10,I_10h,20.960000,1.060000,10.559400,1.164000,0.000000,0.003289,0.000000,1.000000,0.891447,0.108553,0.030303,0.013158,0.200000,0.939394,0.805921,0.112319,1,7.832898,-0.166316,3.029116,0.303030,0.036184,0.476190
24,12,I_12h,17.466667,0.883333,9.947333,0.980000,0.000000,0.003289,0.000000,1.000000,0.898026,0.107843,0.030303,0.013158,0.200000,0.939394,0.819079,0.110714,1,14.140816,-0.687368,2.297143,0.424242,0.078947,0.368421
24,24,I_24h,8.733333,0.441667,5.483333,0.505000,0.000000,0.003497,0.000000,1.000000,0.951049,0.108197,0.030303,0.010490,0.250000,0.939394,0.839161,0.114391,8,4.126020,-0.270526,1.397942,0.515152,0.111913,0.354167
25,1/6,I_15min,119.200000,8.000000,107.616000,16.600000,0.000000,0.002618,0.000000,1.000000,0.835079,0.018462,0.000000,0.010471,0.000000,0.833333,0.515707,0.024752,1,44.434286,-0.322632,69.600000,0.500000,0.018325,0.300000
25,1/2,I_30min,109.200000,7.200000,85.864000,15.500000,0.000000,0.002618,0.000000,1.000000,0.782723,0.019672,0.166667,0.010471,0.200000,0.833333,0.437173,0.029070,5,163.354286,-0.374737,54.193878,0.666667,0.021164,0.333333
25,1,I_1h,104.200000,6.200000,62.540000,12.550000,0.000000,0.002618,0.000000,1.000000,0.730366,0.021053,0.000000,0.010471,0.000000,0.833333,0.342932,0.036765,5,107.446531,-0.374737,41.315102,0.666667,0.018519,0.363636
25,2,I_2h,86.600000,4.300000,35.502000,8.725000,0.000000,0.002618,0.000000,1.000000,0.732984,0.020979,0.333333,0.010471,0.333333,0.833333,0.311518,0.040323,1,8.493878,-0.010000,26.377551,0.500000,0.010471,0.428571
25,3,I_3h,66.533333,3.133333,27.755333,6.650000,0.000000,0.002618,0.000000,1.000000,0.793194,0.019417,0.166667,0.010471,0.200000,0.833333,0.316754,0.039683,10,45.994286,-0.426842,16.789796,0.833333,0.032345,0.294118
25,6,I_6h,35.066667,1.633333,15.309333,3.416667,0.000000,0.002618,0.000000,1.000000,0.874346,0.017647,0.166667,0.010471,0.200000,0.833333,0.390052,0.032468,1,3.516871,-0.270526,11.325000,0.500000,0.020942,0.272727
25,8,I_8h,27.700000,1.275000,12.017750,2.600000,0.000000,0.002618,0.000000,1.000000,0.882199,0.017493,0.166667,0.010471,0.200000,0.833333,0.445026,0.028571,5,4.617806,-0.218421,8.531250,0.500000,0.018519,0.300000
25,10,I_10h,22.240000,1.020000,10.233000,2.080000,0.000000,0.002618,0.000000,1.000000,0.908377,0.016997,0.166667,0.010471,0.200000,0.833333,0.489529,0.026042,5,4.222286,-0.166316,6.825000,0.500000,0.018519,0.300000
25,12,I_12h,18.533333,0.850000,9.094333,1.733333,0.000000,0.002618,0.000000,1.000000,0.926702,0.016667,0.166667,0.010471,0.200000,0.833333,0.500000,0.025510,5,4.398639,-0.166316,5.687500,0.500000,0.023810,0.250000
25,24,I_24h,9.266667,0.433333,6.017667,0.875000,0.000000,0.002755,0.000000,1.000000,0.969697,0.016760,0.166667,0.011019,0.200000,0.833333,0.545455,0.024631,10,5.732755,-0.426842,2.150468,0.833333,0.099150,0.125000
26,1/6,I_15min,,,,,,,,,,,,,,,,,0,,,,,,
26,1/2,I_30min,,,,,,,,,,,,,,,,,0,,,,,,
26,1,I_1h,,,,,,,,,,,,,,,,,0,,,,,,
26,2,I_2h,,,,,,,,,,,,,,,,,0,,,,,,
26,3,I_3h,,,,,,,,,,,,,,,,,0,,,,,,
26,6,I_6h,,,,,,,,,,,,,,,,,0,,,,,,
26,8,I_8h,,,,,,,,,,,,,,,,,0,,,,,,
26,10,I_10h,,,,,,,,,,,,,,,,,0,,,,,,
26,12,I_12h,,,,,,,,,,,,,,,,,0,,,,,,
26,24,I_24h,,,,,,,,,,,,,,,,,0,,,,,,
27,1/6,I_15min,100.000000,49.600000,78.752000,50.080000,0.000000,0.003876,0.000000,1.000000,0.073643,0.173913,0.000000,0.011628,0.000000,0.750000,0.069767,0.142857,9,71.735510,-0.218421,52.440816,0.500000,0.016000,0.333333
27,1/2,I_30min,92.400000,35.600000,73.328000,37.040000,0.000000,0.003876,0.000000,1.000000,0.108527,0.125000,0.000000,0.011628,0.000000,0.750000,0.096899,0.107143,9,36.971429,-0.114211,42.394558,0.750000,0.016000,0.428571
27,1,I_1h,69.200000,24.600000,55.004000,25.110000,0.000000,0.003876,0.000000,1.000000,0.116279,0.117647,0.000000,0.011628,0.000000,0.750000,0.116279,0.090909,9,91.338776,-0.114211,26.476190,0.750000,0.020000,0.375000
27,2,I_2h,43.700000,14.700000,38.374000,14.850000,0.000000,0.003876,0.000000,1.000000,0.135659,0.102564,0.000000,0.011628,0.000000,0.750000,0.135659,0.078947,1,15.373673,-1.000000,22.892517,0.250000,0.011628,0.250000
27,3,I_3h,38.000000,12.333333,29.182000,12.413333,0.000000,0.003876,0.000000,1.000000,0.085271,0.153846,0.250000,0.011628,0.250000,0.750000,0.085271,0.120000,6,25.785170,-0.062105,4.475510,0.750000,0.027888,0.300000
27,6,I_6h,25.200000,6.666667,16.989667,7.026667,0.000000,0.003876,0.000000,1.000000,0.096899,0.137931,0.250000,0.011628,0.250000,0.750000,0.085271,0.120000,1,2.420680,-0.010000,10.201361,0.500000,0.019380,0.285714
27,8,I_8h,19.125000,5.000000,12.910500,5.495000,0.000000,0.003876,0.000000,1.000000,0.108527,0.125000,0.250000,0.011628,0.250000,0.750000,0.089147,0.115385,1,0.830000,-0.010000,7.275510,0.750000,0.034884,0.250000
27,10,I_10h,15.620000,4.260000,10.337000,4.629000,0.000000,0.003876,0.000000,1.000000,0.108527,0.125000,0.250000,0.011628,0.250000,0.750000,0.089147,0.115385,2,2.030449,-0.010000,4.682449,0.750000,0.035156,0.250000
27,12,I_12h,13.500000,3.550000,8.614167,3.857500,0.000000,0.003876,0.000000,1.000000,0.108527,0.125000,0.250000,0.011628,0.250000,0.750000,0.096899,0.107143,2,1.692041,-0.010000,3.902041,0.750000,0.035156,0.250000
27,24,I_24h,8.516667,1.783333,4.951667,1.935833,0.000000,0.004184,0.000000,1.000000,0.125523,0.117647,0.250000,0.012552,0.250000,0.750000,0.117155,0.096774,2,0.280000,-0.010000,2.499745,0.750000,0.058824,0.176471
28,1/6,I_15min,146.400000,15.200000,112.720000,16.160000,0.000000,0.001953,0.000000,1.000000,0.539062,0.031579,0.111111,0.011719,0.142857,0.888889,0.482422,0.031373,8,148.365714,-0.062105,35.297959,0.444444,0.064909,0.111111
28,1/2,I_30min,124.400000,12.000000,93.156000,12.160000,0.000000,0.001953,0.000000,1.000000,0.550781,0.030928,0.111111,0.011719,0.142857,0.888889,0.533203,0.028470,10,99.953469,-0.478947,26.878134,0.777778,0.161554,0.081395
28,1,I_1h,91.400000,8.200000,64.158000,8.280000,0.000000,0.001953,0.000000,1.000000,0.580078,0.029412,0.111111,0.011719,0.142857,0.888889,0.564453,0.026936,10,95.568980,-0.270526,19.125364,0.777778,0.124744,0.102941
28,2,I_2h,76.800000,5.700000,41.301000,5.780000,0.000000,0.001953,0.000000,1.000000,0.580078,0.029412,0.111111,0.011719,0.142857,0.888889,0.574219,0.026490,10,41.311429,-0.270526,13.764431,0.777778,0.108384,0.116667
28,3,I_3h,56.933333,3.933333,32.105333,4.253333,0.000000,0.001953,0.000000,1.000000,0.648438,0.026393,0.111111,0.011719,0.142857,0.888889,0.623047,0.024465,10,41.898367,-0.322632,11.462002,0.777778,0.106339,0.118644
28,6,I_6h,31.400000,2.000000,18.715000,2.266667,0.111111,0.001953,0.500000,1.000000,0.767578,0.022388,0.111111,0.011719,0.142857,0.888889,0.697266,0.021918,9,13.504762,-1.000000,7.111662,0.777778,0.128571,0.100000
28,8,I_8h,24.000000,1.500000,16.313250,1.710000,0.111111,0.001953,0.500000,1.000000,0.800781,0.021480,0.111111,0.011719,0.142857,0.888889,0.746094,0.020513,10,13.935306,-0.322632,5.611224,0.777778,0.145194,0.089744
28,10,I_10h,19.280000,1.200000,13.817400,1.376000,0.111111,0.001953,0.500000,1.000000,0.816406,0.021077,0.111111,0.011719,0.142857,0.888889,0.761719,0.020101,7,1.417633,-0.010000,3.635277,0.777778,0.163968,0.079545
28,12,I_12h,16.650000,1.000000,11.578667,1.146667,0.111111,0.001953,0.500000,1.000000,0.833984,0.020642,0.111111,0.011719,0.142857,0.888889,0.771484,0.019851,10,2.226054,-0.166316,3.781924,0.777778,0.177914,0.074468
28,24,I_24h,12.650000,0.508333,7.871083,0.581667,0.000000,0.002041,0.000000,1.000000,0.861224,0.020882,0.111111,0.010204,0.166667,0.888889,0.820408,0.019512,10,4.089796,-0.270526,1.861127,0.777778,0.209746,0.066038
29,1/6,I_15min,126.400000,5.600000,104.512000,6.240000,0.000000,0.003236,0.000000,1.000000,0.964401,0.053968,0.000000,0.012945,0.000000,0.941176,0.922330,0.053156,2,67.487347,-0.010000,11.206122,0.176471,0.019544,0.333333
29,1/2,I_30min,94.000000,4.400000,68.144000,4.720000,0.000000,0.003236,0.000000,1.000000,0.967638,0.053797,0.058824,0.012945,0.200000,0.941176,0.948220,0.051780,1,39.565714,-0.062105,13.516190,0.411765,0.084142,0.212121
29,1,I_1h,61.400000,3.400000,55.688000,3.720000,0.000000,0.003236,0.000000,1.000000,0.951456,0.054662,0.000000,0.012945,0.000000,0.941176,0.938511,0.052288,1,40.401224,-0.062105,12.896939,0.294118,0.045307,0.263158
29,2,I_2h,41.700000,2.300000,36.384000,3.100000,0.058824,0.003236,0.500000,1.000000,0.967638,0.053797,0.058824,0.012945,0.200000,0.941176,0.902913,0.054237,1,20.729388,-0.062105,9.442449,0.294118,0.045307,0.263158
29,3,I_3h,36.733333,1.666667,26.808000,2.413333,0.000000,0.003236,0.000000,1.000000,0.974110,0.053459,0.058824,0.012945,0.200000,0.941176,0.896440,0.054608,7,45.326122,-0.062105,7.039909,0.294118,0.036667,0.312500
29,6,I_6h,25.366667,1.000000,16.904000,1.346667,0.000000,0.003236,0.000000,1.000000,0.993528,0.052469,0.058824,0.012945,0.200000,0.941176,0.932039,0.052632,1,15.143401,-0.062105,4.868889,0.235294,0.016181,0.444444
29,8,I_8h,20.925000,0.950000,13.101000,1.070000,0.000000,0.003236,0.000000,1.000000,0.977346,0.053292,0.058824,0.012945,0.200000,0.941176,0.951456,0.051613,1,10.412857,-0.062105,3.896667,0.235294,0.019417,0.400000
29,10,I_10h,18.840000,0.880000,10.483200,0.912000,0.000000,0.003247,0.000000,1.000000,0.954545,0.054662,0.058824,0.012987,0.200000,0.941176,0.948052,0.051948,1,15.397551,-0.062105,3.100082,0.235294,0.019481,0.400000
29,12,I_12h,17.650000,0.750000,8.736000,0.763333,0.000000,0.003247,0.000000,1.000000,0.970779,0.053797,0.058824,0.012987,0.200000,0.941176,0.970779,0.050794,1,12.834694,-0.062105,2.818889,0.235294,0.019481,0.400000
29,24,I_24h,10.808333,0.425000,4.405417,0.451667,0.000000,0.003448,0.000000,1.000000,0.986207,0.056106,0.058824,0.010345,0.250000,0.941176,0.944828,0.055172,1,2.243878,-0.010000,1.140000,0.235294,0.020690,0.400000
30,1/6,I_15min,,,,,,,,,,,,,,,,,0,,,,,,
30,1/2,I_30min,,,,,,,,,,,,,,,,,0,,,,,,
30,1,I_1h,,,,,,,,,,,,,,,,,0,,,,,,
30,2,I_2h,,,,,,,,,,,,,,,,,0,,,,,,
30,3,I_3h,,,,,,,,,,,,,,,,,0,,,,,,
30,6,I_6h,,,,,,,,,,,,,,,,,0,,,,,,
30,8,I_8h,,,,,,,,,,,,,,,,,0,,,,,,
30,10,I_10h,,,,,,,,,,,,,,,,,0,,,,,,
30,12,I_12h,,,,,,,,,,,,,,,,,0,,,,,,
30,24,I_24h,,,,,,,,,,,,,,,,,0,,,,,,
31,1/6,I_15min,124.800000,13.600000,78.120000,14.880000,0.000000,0.003049,0.000000,1.000000,0.582317,0.081731,0.058824,0.012195,0.200000,0.941176,0.548780,0.081633,7,37.828571,-0.583158,39.967347,0.625000,0.084906,0.270270
31,1/2,I_30min,92.400000,10.000000,62.800000,10.320000,0.000000,0.003049,0.000000,1.000000,0.625000,0.076577,0.058824,0.015244,0.166667,0.941176,0.603659,0.074766,10,25.920000,-0.114211,23.258309,0.687500,0.126582,0.215686
31,1,I_1h,58.000000,6.200000,42.044000,7.480000,0.000000,0.003049,0.000000,1.000000,0.682927,0.070539,0.117647,0.012195,0.333333,0.941176,0.603659,0.074766,1,7.822041,-0.583158,15.002915,0.823529,0.159021,0.212121
31,2,I_2h,34.900000,3.300000,28.219000,5.780000,0.000000,0.003049,0.000000,1.000000,0.814024,0.059859,0.000000,0.012195,0.000000,0.941176,0.493902,0.089888,10,7.077551,-0.062105,9.828435,0.812500,0.132911,0.236364
31,3,I_3h,25.333333,2.400000,22.418667,5.173333,0.000000,0.003049,0.000000,1.000000,0.856707,0.057047,0.000000,0.012195,0.000000,0.941176,0.381098,0.113475,6,6.914558,-1.000000,11.051429,0.562500,0.068750,0.290323
31,6,I_6h,18.300000,2.066667,13.041667,3.880000,0.000000,0.003049,0.000000,1.000000,0.692073,0.069672,0.000000,0.012195,0.000000,0.941176,0.271341,0.152381,6,4.751701,-0.739474,5.715283,0.750000,0.084375,0.307692
31,8,I_8h,13.725000,1.550000,10.613250,2.970000,0.000000,0.003049,0.000000,1.000000,0.746951,0.064885,0.000000,0.012195,0.000000,0.941176,0.295732,0.141593,9,2.148878,-0.114211,4.465170,0.687500,0.088608,0.282051
31,10,I_10h,10.980000,1.240000,8.660800,2.376000,0.000000,0.003049,0.000000,1.000000,0.768293,0.063197,0.058824,0.012195,0.200000,0.941176,0.307927,0.136752,9,3.886245,-0.270526,3.525248,0.687500,0.098101,0.261905
31,12,I_12h,9.150000,1.033333,7.217333,1.980000,0.000000,0.003049,0.000000,1.000000,0.789634,0.061594,0.058824,0.012195,0.200000,0.941176,0.317073,0.133333,9,1.770918,-0.166316,2.971866,0.687500,0.104430,0.250000
31,24,I_24h,4.875000,0.691667,4.290000,1.131667,0.058824,0.003195,0.500000,1.000000,0.626198,0.079812,0.058824,0.012780,0.200000,0.941176,0.309904,0.141593,8,1.091088,-1.000000,1.787245,0.687500,0.112211,0.244444
32,1/6,I_15min,128.000000,8.800000,97.856000,9.680000,0.000000,0.003731,0.000000,1.000000,0.824627,0.090535,0.000000,0.011194,0.000000,0.909091,0.757463,0.089686,2,24.342857,-0.114211,34.033083,0.380952,0.127341,0.190476
32,1/2,I_30min,101.200000,4.800000,80.112000,8.840000,0.000000,0.003731,0.000000,1.000000,0.932836,0.080882,0.000000,0.011194,0.000000,0.909091,0.712687,0.094787,2,14.272653,-0.270526,33.326316,0.380952,0.108614,0.216216
32,1,I_1h,72.000000,3.000000,53.910000,5.910000,0.000000,0.003731,0.000000,1.000000,0.988806,0.076655,0.090909,0.011194,0.400000,0.909091,0.731343,0.092593,2,24.269388,-0.010000,0.802881,0.523810,0.157303,0.207547
32,2,I_2h,39.600000,2.600000,30.999000,3.650000,0.045455,0.003731,0.500000,1.000000,0.932836,0.080882,0.090909,0.011194,0.400000,0.909091,0.828358,0.082645,2,4.448980,-0.010000,6.865066,0.619048,0.217228,0.183099
32,3,I_3h,38.933333,2.466667,22.266000,3.140000,0.000000,0.003731,0.000000,1.000000,0.888060,0.084615,0.090909,0.011194,0.400000,0.909091,0.776119,0.087719,2,1.386939,-0.062105,6.624650,0.666667,0.243446,0.177215
32,6,I_6h,21.766667,1.700000,11.970333,1.925000,0.000000,0.003731,0.000000,1.000000,0.847015,0.088353,0.090909,0.011194,0.400000,0.909091,0.764925,0.088889,2,0.240000,-0.218421,4.824810,0.619048,0.179775,0.213115
32,8,I_8h,16.750000,1.425000,8.977750,1.443750,0.000000,0.003731,0.000000,1.000000,0.798507,0.093220,0.090909,0.011194,0.400000,0.909091,0.791045,0.086207,6,0.180000,-0.010000,3.646639,0.619048,0.187739,0.209677
32,10,I_10h,13.440000,1.140000,8.239400,1.250000,0.000000,0.003731,0.000000,1.000000,0.820896,0.090909,0.045455,0.011194,0.250000,0.909091,0.764925,0.088889,6,0.144000,-0.010000,2.862494,0.619048,0.199234,0.200000
32,12,I_12h,11.233333,0.950000,6.943333,1.120833,0.000000,0.003731,0.000000,1.000000,0.839552,0.089069,0.045455,0.011194,0.250000,0.909091,0.738806,0.091743,6,0.120000,-0.010000,2.407672,0.619048,0.195402,0.203125
32,24,I_24h,5.641667,0.475000,3.735333,0.600417,0.000000,0.003953,0.000000,1.000000,0.928854,0.085603,0.045455,0.011858,0.250000,0.909091,0.770751,0.093023,1,0.100000,-1.000000,1.445113,0.590909,0.177866,0.224138
33,1/6,I_15min,,,,,,,,,,,,,,,,,0,,,,,,
33,1/2,I_30min,,,,,,,,,,,,,,,,,0,,,,,,
33,1,I_1h,,,,,,,,,,,,,,,,,0,,,,,,
33,2,I_2h,,,,,,,,,,,,,,,,,0,,,,,,
33,3,I_3h,,,,,,,,,,,,,,,,,0,,,,,,
33,6,I_6h,,,,,,,,,,,,,,,,,0,,,,,,
33,8,I_8h,,,,,,,,,,,,,,,,,0,,,,,,
33,10,I_10h,,,,,,,,,,,,,,,,,0,,,,,,
33,12,I_12h,,,,,,,,,,,,,,,,,0,,,,,,
33,24,I_24h,,,,,,,,,,,,,,,,,0,,,,,,
