time_step,time_step_col,antecedent_days,a,b,c,POD,FAR,PPV,score,full_POD,full_FAR,full_PPV
1/6,I_15min,1,31.026939,-0.687368,41.000623,0.347458,0.115356,0.115493,0.035500,0.348837,0.083256,0.111940
1/6,I_15min,2,25.077551,-0.635263,40.982407,0.396552,0.150999,0.101322,0.034112,0.393701,0.105559,0.100000
1/6,I_15min,3,7.229388,-0.947895,41.873329,0.474138,0.214206,0.087163,0.032475,0.464567,0.145927,0.087149
1/6,I_15min,4,7.229388,-1.000000,40.982407,0.491379,0.227561,0.085329,0.032388,0.480315,0.154374,0.085434
1/6,I_15min,5,13.178776,-0.791579,39.200563,0.517241,0.240223,0.085106,0.033446,0.503937,0.162450,0.085220
1/6,I_15min,6,25.077551,-0.583158,39.200563,0.500000,0.220000,0.090484,0.035289,0.488189,0.149486,0.090247
1/6,I_15min,7,31.026939,-0.478947,39.200563,0.491379,0.217375,0.090476,0.034794,0.480315,0.147943,0.090237
1/6,I_15min,8,25.077551,-0.374737,39.200563,0.508621,0.221505,0.091900,0.036389,0.496063,0.150675,0.091570
1/6,I_15min,9,25.077551,-0.374737,39.200563,0.508621,0.225438,0.090630,0.035704,0.496063,0.153214,0.090387
1/6,I_15min,10,42.925714,-0.374737,39.200563,0.500000,0.217524,0.092210,0.036076,0.488189,0.148211,0.091852
1/2,I_30min,1,39.432653,-0.531053,29.876073,0.318966,0.096408,0.123333,0.035546,0.333333,0.071362,0.123209
1/2,I_30min,2,10.608163,-0.322632,29.209023,0.464912,0.203765,0.087603,0.032429,0.464567,0.139338,0.090352
1/2,I_30min,3,5.804082,-0.114211,29.209023,0.500000,0.234792,0.082609,0.031606,0.496063,0.159386,0.085366
1/2,I_30min,4,5.804082,-0.218421,29.209023,0.508772,0.245634,0.080668,0.030960,0.503937,0.166194,0.083442
1/2,I_30min,5,10.608163,-1.000000,26.427211,0.578947,0.294686,0.076834,0.031374,0.566929,0.197446,0.079383
1/2,I_30min,6,44.236735,-0.791579,26.427211,0.526316,0.249435,0.083102,0.032828,0.519685,0.168381,0.085714
1/2,I_30min,7,39.432653,-0.426842,26.427211,0.517544,0.244790,0.083688,0.032710,0.511811,0.165504,0.086321
1/2,I_30min,8,34.628571,-0.322632,34.077193,0.403509,0.155598,0.100877,0.034371,0.409449,0.108968,0.103175
1/2,I_30min,9,236.400000,-0.166316,27.818117,0.377193,0.136554,0.106965,0.034837,0.385827,0.096907,0.108889
1/2,I_30min,10,20.216327,-0.062105,26.427211,0.482456,0.207002,0.091820,0.035129,0.480315,0.141683,0.094281
1,I_1h,1,4.035918,-0.166316,21.117523,0.474138,0.167001,0.099099,0.039140,0.488372,0.126632,0.103960
1,I_1h,2,4.035918,-0.166316,21.094164,0.473684,0.170535,0.096257,0.037820,0.488189,0.128548,0.101639
1,I_1h,3,0.620000,-0.426842,22.532402,0.491228,0.184308,0.093178,0.037336,0.503937,0.138371,0.098462
1,I_1h,4,0.620000,-0.322632,22.532402,0.491228,0.184621,0.093178,0.037321,0.503937,0.138534,0.098462
1,I_1h,5,0.620000,-0.426842,22.532402,0.491228,0.185976,0.092562,0.037013,0.503937,0.139513,0.097859
1,I_1h,6,34.779184,-0.791579,22.532402,0.412281,0.134134,0.107306,0.038306,0.433071,0.103085,0.113169
1,I_1h,7,0.620000,-0.166316,22.532402,0.491228,0.183293,0.095400,0.038274,0.503937,0.137359,0.100787
1,I_1h,8,0.620000,-0.114211,22.532402,0.491228,0.182227,0.096055,0.038587,0.503937,0.136692,0.101426
1,I_1h,9,0.620000,-0.114211,22.532402,0.491228,0.181976,0.096386,0.038731,0.503937,0.136539,0.101749
1,I_1h,10,34.779184,-0.478947,21.094164,0.473684,0.169556,0.099448,0.039119,0.488189,0.127901,0.104907
2,I_2h,1,4.831224,-0.322632,9.834473,0.603604,0.217178,0.086452,0.040850,0.604651,0.175140,0.094089
2,I_2h,2,4.831224,-0.218421,9.846246,0.605505,0.222359,0.083969,0.039538,0.606299,0.178278,0.091995
2,I_2h,3,2.610612,-0.114211,10.442988,0.623853,0.235788,0.082225,0.039201,0.622047,0.188666,0.089977
2,I_2h,4,2.610612,-0.114211,10.442988,0.623853,0.240747,0.080760,0.038253,0.622047,0.192435,0.088466
2,I_2h,5,2.610612,-0.062105,12.233215,0.522936,0.177605,0.090764,0.039034,0.535433,0.144479,0.100147
2,I_2h,6,2.610612,-0.062105,12.233215,0.532110,0.178155,0.092949,0.040648,0.543307,0.144702,0.102374
2,I_2h,7,4.831224,-0.114211,10.442988,0.614679,0.225817,0.086008,0.040929,0.614173,0.180659,0.094089
2,I_2h,8,4.831224,-0.062105,10.442988,0.605505,0.215126,0.088829,0.042216,0.606299,0.172613,0.097100
2,I_2h,9,4.831224,-0.062105,10.442988,0.614679,0.217017,0.089572,0.043110,0.614173,0.173997,0.097744
2,I_2h,10,4.831224,-0.062105,10.442988,0.614679,0.218750,0.088977,0.042729,0.614173,0.175290,0.097136
3,I_3h,1,3.639320,-0.062105,8.299657,0.522124,0.156911,0.103327,0.045484,0.527132,0.129431,0.109149
3,I_3h,2,1.976327,-0.166316,9.938726,0.504505,0.152469,0.101818,0.043536,0.511811,0.125733,0.108153
3,I_3h,3,1.976327,-0.166316,9.938726,0.504505,0.154610,0.101083,0.043112,0.511811,0.127509,0.107438
3,I_3h,4,3.639320,-0.062105,8.320794,0.540541,0.174075,0.096774,0.043204,0.543307,0.142317,0.102832
3,I_3h,5,1.976327,-0.114211,9.938726,0.504505,0.156357,0.100179,0.042638,0.511811,0.128872,0.106557
3,I_3h,6,3.639320,-0.062105,8.320794,0.549550,0.179560,0.096519,0.043518,0.551181,0.146376,0.102639
3,I_3h,7,1.976327,-0.114211,9.938726,0.504505,0.156844,0.101633,0.043232,0.511811,0.128939,0.108153
3,I_3h,8,1.976327,-1.000000,9.707593,0.549550,0.179626,0.097289,0.043861,0.551181,0.146336,0.103397
3,I_3h,9,1.976327,-1.000000,9.707593,0.549550,0.180140,0.097289,0.043834,0.551181,0.146689,0.103397
3,I_3h,10,1.976327,-0.895789,9.707593,0.549550,0.180573,0.097134,0.043741,0.551181,0.147002,0.103245
6,I_6h,1,1.146122,-0.791579,6.285919,0.486726,0.132357,0.110442,0.046640,0.496124,0.113340,0.116364
6,I_6h,2,1.146122,-0.635263,6.392253,0.477477,0.127295,0.111345,0.046397,0.488189,0.109078,0.117647
6,I_6h,3,1.146122,-0.687368,6.392253,0.477477,0.130145,0.109731,0.045575,0.488189,0.111452,0.116105
6,I_6h,4,1.146122,-0.583158,6.392253,0.477477,0.131515,0.108830,0.045130,0.488189,0.112530,0.115242
6,I_6h,5,1.146122,-0.583158,6.392253,0.486486,0.133333,0.109312,0.046088,0.496063,0.113975,0.115596
6,I_6h,6,1.146122,-0.583158,6.392253,0.486486,0.132394,0.111111,0.046898,0.496063,0.113131,0.117537
6,I_6h,7,2.105578,-0.843684,6.392253,0.486486,0.129670,0.113924,0.048236,0.496063,0.110897,0.120229
6,I_6h,8,2.105578,-0.270526,6.392253,0.486486,0.128364,0.115139,0.048823,0.496063,0.109932,0.121387
6,I_6h,9,2.105578,-0.166316,6.392253,0.486486,0.126512,0.116883,0.049668,0.496063,0.108507,0.123047
6,I_6h,10,2.105578,-0.166316,6.528259,0.477477,0.122208,0.118568,0.049695,0.488189,0.105174,0.124748
8,I_8h,1,0.937041,-0.114211,4.317401,0.535088,0.159953,0.100826,0.045321,0.534884,0.136894,0.105183
8,I_8h,2,0.937041,-0.583158,4.729719,0.508929,0.143026,0.105556,0.046037,0.511811,0.123153,0.110169
8,I_8h,3,0.937041,-0.895789,4.729719,0.517857,0.150477,0.103020,0.045322,0.519685,0.129162,0.107667
8,I_8h,4,0.937041,-0.947895,4.729719,0.517857,0.153043,0.101576,0.044552,0.519685,0.131206,0.106280
8,I_8h,5,0.142500,-0.010000,4.729719,0.535714,0.163783,0.098522,0.044135,0.535433,0.139749,0.103187
8,I_8h,6,0.937041,-0.010000,4.299745,0.517857,0.146952,0.106422,0.047013,0.519685,0.126286,0.111111
8,I_8h,7,2.526122,-0.687368,4.729719,0.508929,0.140426,0.109827,0.048045,0.511811,0.121001,0.114437
8,I_8h,8,2.526122,-0.374737,4.729719,0.508929,0.139117,0.110895,0.048586,0.511811,0.120058,0.115453
8,I_8h,9,2.526122,-0.270526,4.729719,0.508929,0.139414,0.110895,0.048569,0.511811,0.120348,0.115453
8,I_8h,10,2.526122,-0.062105,4.622226,0.473214,0.123894,0.115468,0.047872,0.480315,0.108075,0.120079
10,I_10h,1,1.401347,-0.062105,3.000473,0.535088,0.170250,0.094281,0.041860,0.534884,0.146688,0.098854
10,I_10h,2,0.759673,-0.010000,3.340787,0.526786,0.164083,0.095161,0.041904,0.527559,0.141215,0.100149
10,I_10h,3,0.759673,-0.010000,3.340787,0.526786,0.166029,0.094703,0.041605,0.527559,0.142857,0.099702
10,I_10h,4,0.759673,-0.010000,3.340787,0.526786,0.167109,0.094249,0.041352,0.527559,0.143735,0.099259
10,I_10h,5,0.759673,-0.010000,3.340787,0.526786,0.167698,0.093949,0.041191,0.527559,0.144242,0.098966
10,I_10h,6,1.401347,-1.000000,3.780364,0.526786,0.161050,0.098497,0.043531,0.527559,0.138723,0.103555
10,I_10h,7,1.401347,-0.114211,3.780364,0.500000,0.143587,0.104869,0.044906,0.503937,0.124609,0.109966
10,I_10h,8,2.043020,-0.374737,3.780364,0.517857,0.152527,0.102655,0.045052,0.519685,0.131871,0.107667
10,I_10h,9,2.043020,-0.270526,4.044111,0.491071,0.135062,0.109344,0.046443,0.496063,0.117931,0.114338
10,I_10h,10,2.684694,-0.062105,3.340787,0.526786,0.149276,0.106498,0.047727,0.527559,0.129352,0.111296
12,I_12h,1,2.865306,-0.010000,0.602212,0.573913,0.195122,0.088472,0.040868,0.565891,0.168843,0.091593
12,I_12h,2,0.653061,-0.166316,3.151327,0.504425,0.155068,0.095960,0.040898,0.503937,0.135820,0.099533
12,I_12h,3,0.653061,-0.010000,2.776169,0.530973,0.172043,0.092025,0.040456,0.527559,0.149705,0.095578
12,I_12h,4,0.653061,-0.010000,2.776169,0.530973,0.173116,0.091603,0.040219,0.527559,0.150591,0.095170
12,I_12h,5,0.653061,-0.010000,2.776169,0.530973,0.173407,0.091463,0.040143,0.527559,0.150863,0.095035
12,I_12h,6,1.759184,-0.739474,2.776169,0.592920,0.201119,0.089333,0.042315,0.582677,0.173164,0.092732
12,I_12h,7,1.759184,-0.739474,3.151327,0.522124,0.159846,0.098662,0.043280,0.519685,0.139524,0.102167
12,I_12h,8,1.759184,-0.010000,1.800759,0.575221,0.185031,0.094477,0.044290,0.566929,0.160077,0.097826
12,I_12h,9,1.759184,-0.322632,3.376422,0.495575,0.141029,0.105660,0.044978,0.496063,0.124456,0.108997
12,I_12h,10,2.312245,-0.062105,2.776169,0.530973,0.153274,0.104348,0.046914,0.527559,0.134429,0.107544
24,I_24h,1,0.422449,-0.687368,1.465342,0.608696,0.218256,0.085784,0.040820,0.596899,0.193224,0.089120
24,I_24h,2,0.422449,-1.000000,1.453459,0.619469,0.229320,0.082450,0.039363,0.606299,0.202172,0.085938
24,I_24h,3,0.100000,-0.114211,1.655328,0.557522,0.196979,0.086538,0.038743,0.551181,0.175242,0.090323
24,I_24h,4,0.422449,-1.000000,1.453459,0.628319,0.239182,0.080866,0.038657,0.614173,0.210697,0.084324
24,I_24h,5,0.422449,-0.478947,1.453459,0.637168,0.239253,0.081911,0.039704,0.622047,0.210749,0.085313
24,I_24h,6,0.744898,-0.687368,1.453459,0.637168,0.230123,0.085816,0.042096,0.622047,0.202665,0.089266
24,I_24h,7,1.067347,-0.843684,1.413085,0.646018,0.234974,0.085781,0.042395,0.629921,0.206574,0.089186
24,I_24h,8,0.744898,-0.739474,1.574580,0.592920,0.206771,0.089214,0.041959,0.582677,0.183084,0.092848
24,I_24h,9,1.067347,-0.687368,1.453459,0.637168,0.230862,0.086228,0.042258,0.622047,0.203347,0.089671
24,I_24h,10,1.067347,-0.114211,1.655328,0.513274,0.159806,0.098976,0.042683,0.511811,0.143799,0.102848
